Name,RA(J2000),Dec(J2000),mag_i,z
A1132-0730,173.0309094,-7.51178122,18.31,1.99
A1112-0335,168.1809603,-3.58591963,19.33,1.27
A0326-3122(Schecter2017),51.5282775,-31.38157606,19.54,1.35
S1128+2402,172.0770482,24.03819957,17.75,1.608
S0332-0021,53.20211793,-0.3653620,19.32,1.71
A1020-1002,155.2275,-10.038888,18.14,2.03